snp_name	build36_position	rs_id
47z	3496442	None
92R7_1	6165720	None
92R7_2	10364337	None
CTS11440	21522591	None
CTS12069	26875100	None
CTS12659	27069033	rs9786255
CTS1366	7423966	None
CTS358.1	6767890	rs9786426
CTS358.2	6767890	rs9786426
CTS3850	13735942	None
CTS4454	14164662	None
CTS6678	15564679	None
CTS7275	15907039	None
CTS7767	16160967	None
CTS8127.1	16354175	rs11799151
CTS8127.2	16354175	None
DF29	3686279	None
DYS257_1	8679538	rs9786896
DYS257_2	8680377	rs9786896
DYS271	12606577	rs9785941
DYS439-null	13025258	None
DYS643-null	15935511	None
F1062	7833460	None
F1513	9232578	None
F1522	9988386	None
F1523	9988390	None
F1594	10354805	None
F3072	18009544	None
F3099	19380320	None
F3513	22139559	None
F3567	22274332	None
F3680	26264636	None
FGC5668	20877221	None
FGC5676	20261690	None
FGC5681	3535092	None
FGC5687	5947812	None
FGC7257	6504416	None
FGC7260	4456268	None
IMS-JST037816	22696500	rs2287065
IMS-JST119166	26889609	rs3835140
L10	20616712	None
L1020	20688050	None
L1022	4960098	None
L1091	4840903	None
L1092	4960221	None
L1094	5335158	None
L1115	10594710	None
L1140	17885711	None
L1163	26871832	None
L1238	4934836	None
L1248	5334925	None
L1256	20133462	None
L1262	7657202	None
L1269	13536129	None
L1270	14027543	None
L1307	21905784	None
L132.2!	15973591	rs7893044
L1326	16903938	None
L1328	20687911	None
L135	13638642	None
L1364	8413952	None
L1365	12635839	None
L1367	5646590	None
L1368	12178192	None
L1369	12178195	None
L139	13981304	None
L149.1	8486380	None
L149.2	8486380	None
L150.2!	10618791	rs9785831
L171	20616385	None
L173	20616409	None
L179	16291520	None
L18	13435883	None
L180	8636301	None
L184	17586994	None
L185	20922998	None
L19	12994604	None
L194	20353460	None
L202	13001714	None
L203	13001715	None
L204	5418991	None
L209	20638261	None
L223	6405148	rs56221698
L240	3191153	None
L241	4989687	None
L245	5735090	None
L247.1	3605167	rs2350606
L247.2	3605167	rs2350606
L259	13537032	rs201495354
L273.1	16105268	None
L274	16105269	None
L293	10595022	None
L297	15170096	None
L3	20165926	None
L302	21147192	None
L320	4417591	rs2917400
L325	14177442	None
L327	3496380	None
L333	13528967	None
L341.2	3496364	None
L342.2	3496373	rs7892981
L353_1	19128339	None
L353_2	19434615	None
L373	20702762	rs2704706
L374	20702777	None
L375	20702983	rs2704707
L376	20702985	rs2704708
L377	20703096	None
L378	20703118	rs77448014
L379	20703157	rs73626960
L384	2948508	None
L385	2948667	None
L400	15784559	None
L401	20172147	rs35182651
L486	10341953	rs9786039
L49.1	2902212	rs9786142
L5	13329261	None
L50	7012023	rs13303711
L548	12178283	None
L560	20359248	None
L567	4448753	None
L576	24828235	rs4081948
L6	13329340	None
L622	12178315	None
L625	5419157	None
L626	15001923	None
L631	12178334	None
L641	14605718	rs1236454
L642	14605724	rs1236455
L653	21702428	None
L66	8527002	None
L661	13499319	None
L672	20688016	rs112989530
L69	14320356	rs9786274
L693	13202347	None
L694	5734986	None
L695	20353668	None
L696	15170143	None
L7	20616380	None
L705.1	3496215	None
L705.2	3496215	None
L706.1	3496218	None
L706.2	3496218	None
L733	17352482	None
L79	6813301	None
L853	19869035	None
L894	12581061	None
L895	20224582	None
L9	20616551	None
L933	4980255	None
L934	10299957	None
L947	6719212	None
L95	20616651	None
L971	20688071	rs113447656
LLY22g.1_1	22124037	None
LLY22g.1_2	22432174	None
LLY22g.2_1	22124037	None
LLY22g.2_2	22432174	None
M104_1	8679592	None
M104_2	8680324	None
M160	20348253	None
M177	2718869	None
M287	21151158	rs13447380
M339	2941367	None
M37	20210939	None
M426	2798986	None
M532	17576538	None
M546	17570360	None
M547	17569616	None
M84	20357751	rs2032642
MEH2	4985637	rs4252209
MSY2.1	13524894	None
MSY2.2	13524894	None
P107	13329287	None
P118	13529200	None
P133	10476740	rs16980711
P142	7278079	rs4988808
P154	18009501	rs9786357
P162	6060464	rs7067483
P16_1	19128376	None
P16_2	19434578	None
P184	7278128	None
P18_1	23396212	None
P18_2	25029960	None
P18_3	25751218	None
P19_1	22076149	None
P19_2	22076609	None
P19_3	22456064	None
P19_4	22720987	None
P19_5	22976505	None
P204	3605172	None
P207	8679538	rs9786896
P20_1	23396162	None
P20_2	25029910	None
P20_3	25751269	None
P212	3605070	None
P22_1	8679592	None
P22_2	8680324	None
P240	13108816	rs6530605
P254	3604898	rs35699596
P256	8745230	None
P27.1_1	8679538	rs9786896
P27.1_2	8680377	rs9786896
P27.2_1	8679538	rs9786896
P27.2_2	8680377	rs9786896
P304	7295368	None
P32	13005252	None
P34_1	22076575	None
P34_2	22100115	None
P34_3	22456098	None
P34_4	22976471	None
P34_5	22976508	None
P35_1	23396647	None
P35_2	25030395	None
P35_3	25750785	None
P39	12994589	None
P46	20340240	None
P59	12994545	None
P68	13435749	None
P69	13435814	rs7892898
P70	20071656	None
P76	20340415	None
P7_1	23396434	None
P7_2	25030182	None
P7_3	25750996	None
PF1081	20397546	rs2032647
PF121.2	4950141	None
PF1343	27212369	None
PF1406	4932610	None
PF1496	6060464	rs7067483
PF2474	3929248	None
PF2823	5278037	None
PF2825	5418991	None
PF2829	5888894	None
PF3146	5748132	None
PF3165	15091805	None
PF3231	7424104	None
PF3247	22391168	None
PF3252	5071158	None
PF3333	12019969	None
PF3335	14164662	None
PF3343	20883877	None
PF3349	3387210	None
PF3396	15010311	None
PF3405	16476015	None
PF3408	16917163	None
PF3416	19570091	None
PF5516	3170731	None
PF5517	3605572	None
PF5519	4179464	None
PF5522	5506428	None
PF5686	2989345	None
PF5689	4303101	None
PF5733	12075642	None
PF5844	27016222	None
PF5891	11871421	None
PF5897	13108816	rs6530605
PF6142	19625746	rs9786232
PF6274.2!	10618791	rs9785831
PF6279	4922861	rs180946844
PF6539	16353412	rs9786076
PF6846	21943683	None
PF6865	10476890	None
PF6866	12400417	None
PK1	20992895	None
Page10	12992985	None
Page101	13537570	rs72625359
Page109	20103656	rs72625366
Page115	2794776	rs72625371
Page65.2!	2717176	rs2534636
Page99	13534318	None
S127	16353412	rs9786076
S136	7012023	rs13303711
S163	14320356	rs9786274
S216	20165926	None
S249	5905252	None
S266	13537032	rs201495354
S278.2	3496373	rs7892981
S293.1	3605167	rs2350606
S293.2	3605167	rs2350606
S327	20688016	rs112989530
S349	2902212	rs9786142
S438	3686279	None
S44	20210860	None
S464	21147192	None
S473	16577525	None
S492	15229407	rs28819996
S50	20389582	None
S678	21743836	None
S9	6928118	rs1865680
SRY10831.2!	2717176	rs2534636
SRY1532.2!	2717176	rs2534636
SRY9138	2718869	None
TSC0769719	16542147	rs3914299
TSC0860384	24828235	rs4081948
V100	5395763	None
V102	4932610	None
V166	14802260	rs187287389
V167	16108496	rs183288567
V173	4991338	None
V183	12773271	None
V257	12994604	None
V341	4900884	None
V7	6992105	None
V88	4922861	rs180946844
V90	4900743	rs185641563
V93	4980405	rs187262945
V94	5029475	rs193209208
V95	5334968	None
YSC0001270	6767890	rs9786426
YSC0001289	16354175	rs11799151
Z12223	20881527	None
Z131	5905252	None
Z1901	2770341	None
Z1925	7306954	None
Z2003	11982098	None
Z2009	13233234	None
Z2048	12031195	None
Z2051	13735942	None
Z261	16577525	None
Z3036	3191151	None
Z3037	2882740	None
Z3040	3603055	None
Z3049	3012660	None
Z3050	3074333	None
Z3055	3112861	None
Z3057	3604826	None
Z3065	3561139	None
Z3066	3612739	None
Z3071	4257239	None
Z3073	3810732	None
Z3076	3884215	rs3906495
Z3077	3885469	None
Z3079	3929266	None
Z3082	4023336	None
Z3084	4056141	None
Z3098	4594443	None
Z3130	5393213	None
Z3133	5412775	None
Z3137	5543686	None
Z3139	5561151	None
Z3142	5648622	None
Z3151	5932256	None
Z3155	6057269	None
Z3158	6109735	None
Z3162	6141520	None
Z3171	6595356	None
Z3177	6886657	None
Z3219	9098065	None
Z3223	10085783	None
Z3245	11848041	None
Z3277	12353933	None
Z3283	12609157	None
Z3297	12466770	None
Z3461	20696111	None
Z3467	20723119	None
Z3468	20723125	None
Z3471	20732926	None
Z3474	20756510	None
Z3481	20879136	None
Z3483	20884295	None
Z3484	20884318	None
Z3489	20889827	None
Z3490	20889829	None
Z3492	20889836	None
Z3494	20889849	None
Z3495	20889864	None
Z3496	20889869	None
Z3501	20895373	None
Z3530	22687660	None
Z3551	26779201	None
Z3574	7364096	None
Z382	3740849	None
Z4113	20837818	None
Z6021	9239741	None
Z6043	13125979	None
Z6100	17381644	None
Z6109	20204019	None
Z6123	5385721	None
Z6126	6106380	None
Z6129	6807790	None
Z6130	6845680	None
Z6136	3358179	None
Z6140	6084685	None
Z6141	7324322	None
Z6142	711376	None
Z6171	7457763	None
Z6220	15736903	None
Z6283	13956319	None
Z6294	12311477	None
Z6303	10114154	None
Z6319	10089885	None
Z6320	10650519	None
Z6321	10656334	None
Z6322	13201488	None
Z6477	17340293	None
Z6486	21743086	None
Z6490	20945155	None
Z6492	20021021	None
Z6493	16065808	None
Z6499	13942653	None
Z6524	20868890	None
Z6550	3139353	None
Z6633	4163438	None
Z6634	4935204	None
Z6639	7506025	None
Z6641	7066430	None
Z6720	20675978	None
Z6728	20879504	None
Z7156	4134901	None
Z7159	4760173	None
Z7174	8382219	None
Z769	8626559	None
Z779	8400610	None
Z783	12621656	None
Z7946	2736591	None
Z7950	12385434	None
Z7951	6783990	None
Z7956	3799922	None
Z7957	5170314	None
Z798	8400610	None
Z8008	13091815	None
Z8015	3036942	None
Z8016	4551960	None
Z8017	5003744	None
Z8021	21773488	None
